"","x"
"1","15474948-11-C/T"
"2","11492672-35-A/C"
"3","15471702-37-C/A"
"4","17480606-11-T/G"
"5","15466520-51-C/T"
"6","26747222-9-G/A"
"7","11490123-26-T/G"
"8","15471368-21-G/T"
"9","15476711-12-C/T"
"10","15474679-59-T/C"
"11","15461192-34-G/A"
"12","15478938-16-A/T"
"13","9407554-5-T/A"
"14","15473080-6-A/T"
"15","15471975-56-T/G"
"16","9483283-26-A/T"
"17","15476264-13-T/G"
"18","15457567-60-T/C"
"19","17482264-22-T/A"
"20","15463582-66-A/C"
"21","26729706-12-G/A"
"22","68349691-17-A/G"
"23","26744435-22-C/A"
"24","15473258-9-A/C"
"25","15454331-6-A/G"
"26","15467605-66-C/A"
"27","11461660-35-C/G"
"28","11481312-11-G/T"
"29","15473899-39-G/T"
"30","11488044-65-G/T"
"31","15470096-47-T/A"
"32","15463894-24-T/A"
"33","11443174-58-G/A"
"34","26745102-51-C/A"
"35","15472439-68-C/A"
"36","15477895-10-A/G"
"37","15474499-8-G/C"
"38","15475559-6-G/A"
"39","26745596-14-T/A"
"40","15470760-25-G/A"
"41","15474676-64-A/G"
"42","50828873-14-C/A"
"43","15481851-27-G/T"
"44","15470584-7-G/T"
"45","11476225-25-C/T"
"46","17478679-27-T/C"
"47","68348411-57-T/C"
"48","11466799-26-T/G"
"49","15476229-32-A/G"
"50","9479911-23-C/T"
"51","11472298-35-T/C"
"52","11443786-30-G/A"
"53","15470469-27-T/G"
"54","26740858-33-T/G"
"55","15461471-8-G/C"
"56","15469059-21-G/A"
"57","15476258-41-A/G"
"58","26735133-41-G/C"
"59","15461684-66-C/T"
"60","15469320-34-A/C"
"61","11467082-40-A/T"
"62","15476531-7-C/G"
"63","26741199-5-T/C"
"64","68348770-37-T/C"
"65","15475476-10-C/T"
"66","50828880-12-G/T"
"67","15469184-6-A/G"
"68","11482155-24-T/C"
"69","15479060-45-C/G"
"70","15480919-45-T/C"
"71","11499678-10-T/C"
"72","15466613-52-G/C"
"73","11494299-13-T/A"
"74","15468924-16-C/T"
"75","68349418-45-C/T"
"76","15457915-49-G/C"
"77","26729068-7-G/T"
"78","11475032-18-G/C"
"79","17483183-14-A/T"
"80","11467711-17-C/T"
"81","26742954-48-G/A"
"82","15457063-35-A/G"
"83","15476281-6-G/A"
"84","26744887-48-T/C"
"85","15473548-21-T/C"
"86","11443476-64-G/C"
"87","15454357-53-C/A"
"88","26740334-15-T/G"
"89","15458758-25-G/A"
"90","15435961-22-A/C"
"91","11470346-7-G/A"
"92","15468022-28-C/A"
"93","15469270-64-A/T"
"94","9446978-18-C/T"
"95","15473060-9-T/A"
"96","9459112-27-A/G"
"97","9440434-32-A/G"
"98","26742214-23-T/C"
"99","50826605-53-A/C"
"100","15467316-50-G/T"
"101","9498501-47-C/T"
"102","15474223-7-C/A"
"103","15466073-67-T/C"
"104","11470711-40-A/G"
"105","9465713-9-A/G"
"106","15473995-30-T/C"
"107","15478541-49-T/G"
"108","26738349-68-T/G"
"109","17481982-55-G/A"
"110","15468572-37-G/A"
"111","73054741-46-T/C"
"112","9483938-41-C/T"
"113","11498861-6-C/T"
"114","26739795-60-T/A"
"115","17482460-17-G/A"
"116","15471002-32-A/G"
"117","15466101-6-T/C"
"118","17481458-68-A/T"
"119","15479064-48-C/T"
"120","26748631-8-G/A"
"121","17481196-9-A/G"
"122","43463149-36-C/T"
"123","15483473-17-C/G"
"124","17481295-35-T/G"
"125","15479805-6-G/A"
"126","15477968-19-C/A"
"127","17481013-65-T/A"
"128","11466836-29-G/A"
"129","15461668-9-A/G"
"130","11489312-63-A/C"
"131","15477240-6-A/T"
"132","15471547-20-A/T"
"133","15474475-43-T/G"
"134","15460704-50-A/T"
"135","17481310-48-G/T"
"136","15460185-6-C/T"
"137","11492286-59-A/T"
"138","15475889-41-A/T"
"139","26738363-12-T/C"
"140","15461566-19-T/C"
"141","11461655-56-T/A"
"142","11465553-24-C/G"
"143","11476451-53-C/T"
"144","15469357-63-T/C"
"145","15459695-8-T/C"
"146","11491681-43-T/C"
"147","11493607-44-A/G"
"148","15466844-23-T/C"
"149","11466843-58-G/T"
"150","11467825-53-T/G"
"151","11473040-26-G/A"
"152","11475005-34-G/C"
"153","15460350-52-C/G"
"154","15466460-28-T/G"
"155","15478887-37-G/A"
"156","15474193-24-A/G"
"157","68349596-34-T/A"
"158","15448094-11-A/G"
"159","26735296-20-T/C"
"160","50826891-64-A/G"
"161","15481852-32-G/A"
"162","43518841-44-A/G"
"163","15467209-15-C/T"
"164","26736281-8-G/A"
"165","73055070-13-A/G"
"166","15449659-25-T/C"
"167","15463505-26-T/G"
"168","11471890-18-C/A"
"169","11465481-10-C/A"
"170","15476897-9-T/A"
"171","11470771-61-G/A"
"172","11499796-26-A/G"
"173","15471876-27-A/G"
"174","15472232-43-C/T"
"175","15479538-20-G/C"
"176","15466241-41-T/G"
"177","43565532-13-G/A"
"178","17478804-59-G/T"
"179","11467708-47-A/G"
"180","11484832-56-C/A"
"181","15478480-39-C/T"
"182","15473078-43-G/C"
"183","68347069-12-A/C"
"184","11473143-42-G/A"
"185","73054858-10-A/C"
"186","26736425-47-C/T"
"187","11467715-37-A/T"
"188","15459958-13-C/T"
"189","9429919-10-C/A"
"190","15468490-18-A/C"
"191","9490631-29-A/G"
"192","15475949-14-C/A"
"193","15475613-26-G/C"
"194","68347976-16-G/C"
"195","26745797-14-T/G"
"196","26741154-8-A/G"
"197","9494084-18-G/C"
"198","17478488-27-G/T"
"199","11478761-57-G/A"
"200","11484784-8-T/G"
"201","15479470-13-A/G"
"202","15462467-30-A/C"
"203","11478879-66-T/C"
"204","15464738-46-T/G"
"205","15463702-68-T/A"
"206","26743571-6-T/C"
"207","15475200-29-C/T"
"208","11467293-7-A/G"
"209","15476339-21-G/A"
"210","15479271-57-C/T"
"211","11463662-5-T/C"
"212","11475705-45-A/G"
"213","15457128-50-C/A"
"214","15466554-20-G/A"
"215","11467605-47-G/T"
"216","15470443-20-C/A"
"217","15474877-15-C/G"
"218","15461737-7-G/C"
"219","17480379-7-A/T"
"220","26733384-64-C/A"
"221","9491055-7-G/A"
"222","15472331-64-A/T"
"223","15478401-18-G/C"
"224","68349508-11-T/C"
"225","17481752-54-C/A"
"226","15475323-23-C/T"
"227","15468504-26-T/C"
"228","9452788-22-G/A"
"229","26735144-47-T/G"
"230","15474857-34-G/C"
"231","9485195-32-G/A"
"232","15472890-18-A/T"
"233","9471955-51-G/A"
"234","26736424-54-T/C"
"235","15448104-63-T/G"
"236","15472633-62-A/T"
"237","15478400-16-G/A"
"238","15470171-7-C/T"
"239","11470593-51-C/A"
"240","68346635-9-A/G"
"241","15476287-33-A/T"
"242","11443009-48-C/G"
"243","11460756-49-T/C"
"244","15474991-24-C/T"
"245","15466253-58-T/C"
"246","15453501-16-C/G"
"247","11442946-53-G/A"
"248","83600566-27-G/C"
"249","39068390-24-G/T"
"250","15473059-60-T/C"
"251","11467165-14-G/A"
"252","15472942-36-A/G"
"253","17480281-6-A/G"
"254","17478820-16-C/G"
"255","15476251-6-T/A"
"256","11499615-11-A/T"
"257","11482462-52-A/G"
"258","11496266-19-A/G"
"259","11460548-46-G/A"
"260","11465698-28-C/T"
"261","15480399-24-T/A"
"262","11492947-8-C/T"
"263","11485994-35-A/T"
"264","11461901-9-T/C"
"265","9447179-15-A/C"
"266","9500632-7-G/T"
"267","15470352-48-G/A"
"268","15470345-24-C/A"
"269","15460218-42-A/T"
"270","43521161-16-A/T"
"271","54737466-5-A/G"
"272","54739550-48-C/T"
"273","11460867-8-T/A"
"274","15477874-5-T/C"
"275","73054704-51-G/A"
"276","17481402-32-A/T"
"277","15477872-27-A/C"
"278","15475296-11-C/T"
"279","15467090-29-C/T"
"280","9368200-17-G/A"
"281","15477011-22-G/A"
"282","15478876-18-T/C"
"283","11472783-25-A/G"
"284","26731142-21-G/A"
"285","15461714-56-C/T"
"286","15480032-42-A/C"
"287","17482308-32-C/G"
"288","26723097-63-C/A"
"289","9474073-24-C/T"
"290","73054341-27-G/A"
"291","68348339-41-C/T"
"292","15472113-26-A/C"
"293","26741243-10-C/G"
"294","53148868-55-A/C"
"295","11477670-31-A/T"
"296","26740581-60-C/G"
"297","15470206-57-G/C"
"298","15457352-32-T/C"
"299","15472180-13-T/C"
"300","73054451-28-G/T"
"301","11474373-25-G/A"
"302","11460839-68-G/T"
"303","26732875-37-T/C"
"304","11477749-68-T/C"
"305","11486230-30-A/G"
