gene,r
aten_0.1.m1.33483.m1,0.294945848
aten_0.1.m1.3080.m1,0
aten_0.1.m1.3457.m1,0
aten_0.1.m1.3458.m1,0
aten_0.1.m1.3459.m1,0
aten_0.1.m1.13283.m1,0.066385928
aten_0.1.m1.13285.m1,0.066385928
aten_0.1.m1.18366.m1,2.083206992
aten_0.1.m1.13159.m1,0
aten_0.1.m1.13164.m1,0
aten_0.1.m1.13162.m1,0
aten_0.1.m1.12663.m1,0
aten_0.1.m1.12669.m1,0
aten_0.1.m1.2702.m1,0
aten_0.1.m1.2693.m1,0
aten_0.1.m1.2698.m1,0
aten_0.1.m1.3174.m1,0
aten_0.1.m1.3170.m1,0
aten_0.1.m1.3176.m1,0
aten_0.1.m1.10106.m1,0
aten_0.1.m1.31425.m1,0.02009948
aten_0.1.m1.31427.m1,0.02009948
aten_0.1.m1.5108.m1,0
aten_0.1.m1.9569.m1,0.04097599
aten_0.1.m1.28326.m1,0.087176694
aten_0.1.m1.28325.m1,0.087176694
aten_0.1.m1.24045.m1,0.032269261
aten_0.1.m1.24046.m1,0.032269261
aten_0.1.m1.18469.m1,0.242753595
aten_0.1.m1.18474.m1,0.242753595
aten_0.1.m1.8944.m1,0
aten_0.1.m1.4176.m1,1.11E-16
aten_0.1.m1.4179.m1,1.11E-16
aten_0.1.m1.21189.m1,0.062037071
aten_0.1.m1.21192.m1,0.062037071
aten_0.1.m1.21186.m1,0.062037071
aten_0.1.m1.6153.m1,0.076828954
aten_0.1.m1.6160.m1,0.076828954
aten_0.1.m1.29955.m1,0
aten_0.1.m1.27871.m1,0.450223442
aten_0.1.m1.27864.m1,0.450223442
aten_0.1.m1.8432.m1,-0.019752727
aten_0.1.m1.8437.m1,-0.019752727
aten_0.1.m1.21596.m1,0
aten_0.1.m1.632.m1,0
aten_0.1.m1.635.m1,0
aten_0.1.m1.9140.m1,0
aten_0.1.m1.9137.m1,0
aten_0.1.m1.9142.m1,0
aten_0.1.m1.17518.m1,0
aten_0.1.m1.17524.m1,0
aten_0.1.m1.17530.m1,0
aten_0.1.m1.13130.m1,0
aten_0.1.m1.19857.m1,0
aten_0.1.m1.19855.m1,0
aten_0.1.m1.29813.m1,0.029657879
aten_0.1.m1.29385.m1,0
aten_0.1.m1.29397.m1,0
aten_0.1.m1.19013.m1,0
aten_0.1.m1.19010.m1,0
aten_0.1.m1.20757.m1,0
aten_0.1.m1.15784.m1,0.101663651
aten_0.1.m1.15785.m1,0.101663651
aten_0.1.m1.2621.m1,-0.102194634
aten_0.1.m1.2627.m1,-0.102194634
aten_0.1.m1.2620.m1,-0.102194634
aten_0.1.m1.3497.m1,0.010143903
aten_0.1.m1.3494.m1,0.010143903
aten_0.1.m1.2647.m1,0.35216514
aten_0.1.m1.2645.m1,0.35216514
aten_0.1.m1.2643.m1,0.35216514
aten_0.1.m1.25818.m1,0
aten_0.1.m1.25817.m1,0
aten_0.1.m1.12590.m1,0.420761772
aten_0.1.m1.16979.m1,0
aten_0.1.m1.16984.m1,0
aten_0.1.m1.16980.m1,0
aten_0.1.m1.7269.m1,0
aten_0.1.m1.25734.m1,0
aten_0.1.m1.7797.m1,0.019812038
aten_0.1.m1.22581.m1,0
aten_0.1.m1.22585.m1,0
aten_0.1.m1.3894.m1,0.240279537
aten_0.1.m1.14716.m1,0
aten_0.1.m1.28863.m1,0
aten_0.1.m1.19281.m1,0.01633663
aten_0.1.m1.3641.m1,0.114978923
aten_0.1.m1.3645.m1,0.114978923
aten_0.1.m1.3638.m1,0.114978923
aten_0.1.m1.3472.m1,0
aten_0.1.m1.27442.m1,0.089095987
aten_0.1.m1.12344.m1,0.202122756
aten_0.1.m1.12340.m1,0.202122756
aten_0.1.m1.24980.m1,0.00917456
aten_0.1.m1.24978.m1,0.00917456
aten_0.1.m1.24979.m1,0.00917456
aten_0.1.m1.24985.m1,0.00917456
aten_0.1.m1.2874.m1,0.010493163
aten_0.1.m1.2873.m1,0.010493163
aten_0.1.m1.2871.m1,0.010493163
aten_0.1.m1.9224.m1,0.045278678
aten_0.1.m1.9228.m1,0.045278678
aten_0.1.m1.1228.m1,0.049995696
aten_0.1.m1.1231.m1,0.049995696
aten_0.1.m1.1229.m1,0.049995696
aten_0.1.m1.6838.m1,0
aten_0.1.m1.6839.m1,0
aten_0.1.m1.10349.m1,0
aten_0.1.m1.10350.m1,0
aten_0.1.m1.10343.m1,0
aten_0.1.m1.36660.m1,0
aten_0.1.m1.36661.m1,0
aten_0.1.m1.35558.m1,0
aten_0.1.m1.35559.m1,0
aten_0.1.m1.35569.m1,0
aten_0.1.m1.10742.m1,0
aten_0.1.m1.10755.m1,0
aten_0.1.m1.22318.m1,0.164883099
aten_0.1.m1.22321.m1,0.164883099
aten_0.1.m1.22319.m1,0.164883099
aten_0.1.m1.6159.m1,0
aten_0.1.m1.6154.m1,0
aten_0.1.m1.6158.m1,0
aten_0.1.m1.6157.m1,0
aten_0.1.m1.35979.m1,-5.55E-17
aten_0.1.m1.35984.m1,-5.55E-17
aten_0.1.m1.13220.m1,0.082498665
aten_0.1.m1.13225.m1,0.082498665
aten_0.1.m1.13216.m1,0.082498665
aten_0.1.m1.13222.m1,0.082498665
aten_0.1.m1.27885.m1,0
aten_0.1.m1.27886.m1,0
aten_0.1.m1.9152.m1,0
aten_0.1.m1.9161.m1,0
aten_0.1.m1.6231.m1,0.156260556
aten_0.1.m1.6240.m1,0.156260556
aten_0.1.m1.14001.m1,0
aten_0.1.m1.13999.m1,0
aten_0.1.m1.31216.m1,0
aten_0.1.m1.31215.m1,0
aten_0.1.m1.5529.m1,0.02819968
aten_0.1.m1.27748.m1,-0.034077379
aten_0.1.m1.27752.m1,-0.034077379
aten_0.1.m1.11125.m1,0
aten_0.1.m1.11133.m1,0
aten_0.1.m1.30203.m1,0
aten_0.1.m1.24924.m1,0
aten_0.1.m1.1271.m1,0
aten_0.1.m1.1268.m1,0
aten_0.1.m1.22467.m1,0
aten_0.1.m1.22472.m1,0
aten_0.1.m1.6253.m1,0
aten_0.1.m1.6255.m1,0
aten_0.1.m1.6256.m1,0
aten_0.1.m1.37425.m1,0.017884267
aten_0.1.m1.27219.m1,0
aten_0.1.m1.27231.m1,0
aten_0.1.m1.27227.m1,0
aten_0.1.m1.3291.m1,0.032430211
aten_0.1.m1.3292.m1,0.032430211
aten_0.1.m1.9669.m1,0
aten_0.1.m1.31138.m1,0.036160308
aten_0.1.m1.31139.m1,0.036160308
aten_0.1.m1.5804.m1,0
aten_0.1.m1.6017.m1,-0.197327036
aten_0.1.m1.6023.m1,-0.197327036
aten_0.1.m1.5051.m1,0.328389991
aten_0.1.m1.5053.m1,0.328389991
aten_0.1.m1.12906.m1,0.05345408
aten_0.1.m1.12903.m1,0.05345408
aten_0.1.m1.17480.m1,0
aten_0.1.m1.2496.m1,0
aten_0.1.m1.2500.m1,0
aten_0.1.m1.12191.m1,0.099034957
aten_0.1.m1.14192.m1,0
aten_0.1.m1.14186.m1,0
aten_0.1.m1.10100.m1,0.048805792
aten_0.1.m1.10101.m1,0.048805792
aten_0.1.m1.30132.m1,0
aten_0.1.m1.30145.m1,0
aten_0.1.m1.6469.m1,0
aten_0.1.m1.6468.m1,0
aten_0.1.m1.6478.m1,0
aten_0.1.m1.21154.m1,-0.016337945
aten_0.1.m1.37659.m1,0
aten_0.1.m1.36904.m1,0.090202561
aten_0.1.m1.36905.m1,0.090202561
aten_0.1.m1.16090.m1,0
aten_0.1.m1.16088.m1,0
aten_0.1.m1.16091.m1,0
aten_0.1.m1.16089.m1,0
aten_0.1.m1.12833.m1,0
aten_0.1.m1.12834.m1,0
aten_0.1.m1.12832.m1,0
aten_0.1.m1.33212.m1,0
aten_0.1.m1.1392.m1,0
aten_0.1.m1.827.m1,0
aten_0.1.m1.20206.m1,0
aten_0.1.m1.20205.m1,0
aten_0.1.m1.29082.m1,-0.029297099
aten_0.1.m1.29078.m1,-0.029297099
aten_0.1.m1.2830.m1,-0.050439911
aten_0.1.m1.2842.m1,-0.050439911
aten_0.1.m1.24975.m1,0
aten_0.1.m1.24974.m1,0
aten_0.1.m1.5914.m1,0
aten_0.1.m1.5912.m1,0
aten_0.1.m1.9821.m1,0
aten_0.1.m1.9822.m1,0
aten_0.1.m1.36015.m1,0
aten_0.1.m1.36019.m1,0
aten_0.1.m1.28579.m1,0.177961615
aten_0.1.m1.28585.m1,0.177961615
aten_0.1.m1.28581.m1,0.177961615
aten_0.1.m1.18477.m1,0.449155138
aten_0.1.m1.18478.m1,0.449155138
aten_0.1.m1.13784.m1,0
aten_0.1.m1.13798.m1,0
aten_0.1.m1.13799.m1,0
aten_0.1.m1.7215.m1,0
aten_0.1.m1.35851.m1,0
aten_0.1.m1.35853.m1,0
aten_0.1.m1.357.m1,-0.068066105
aten_0.1.m1.353.m1,-0.068066105
aten_0.1.m1.350.m1,-0.068066105
aten_0.1.m1.360.m1,-0.068066105
aten_0.1.m1.31432.m1,0
aten_0.1.m1.31434.m1,0
aten_0.1.m1.31431.m1,0
aten_0.1.m1.8985.m1,0
aten_0.1.m1.21317.m1,0.178587567
aten_0.1.m1.29400.m1,0
aten_0.1.m1.29399.m1,0
aten_0.1.m1.29402.m1,0
aten_0.1.m1.2952.m1,0
aten_0.1.m1.38276.m1,0.502760466
aten_0.1.m1.38278.m1,0.502760466
aten_0.1.m1.38277.m1,0.502760466
aten_0.1.m1.21156.m1,0
aten_0.1.m1.21152.m1,0
aten_0.1.m1.28057.m1,0
aten_0.1.m1.26175.m1,0.560295531
aten_0.1.m1.30347.m1,0.163412455
aten_0.1.m1.30353.m1,0.163412455
aten_0.1.m1.12761.m1,0.005437712
aten_0.1.m1.12763.m1,0.005437712
aten_0.1.m1.12760.m1,0.005437712
aten_0.1.m1.12764.m1,0.005437712
aten_0.1.m1.34330.m1,0
aten_0.1.m1.34332.m1,0
aten_0.1.m1.6495.m1,0
aten_0.1.m1.6498.m1,0
aten_0.1.m1.18384.m1,0
aten_0.1.m1.38057.m1,0
aten_0.1.m1.22871.m1,0
aten_0.1.m1.22870.m1,0
aten_0.1.m1.26033.m1,0
aten_0.1.m1.26035.m1,0
aten_0.1.m1.26029.m1,0
aten_0.1.m1.14780.m1,0.062343945
aten_0.1.m1.14776.m1,0.062343945
aten_0.1.m1.4787.m1,0
aten_0.1.m1.4784.m1,0
aten_0.1.m1.4791.m1,0
aten_0.1.m1.2036.m1,0
aten_0.1.m1.2033.m1,0
aten_0.1.m1.13562.m1,0
aten_0.1.m1.13577.m1,0
aten_0.1.m1.27202.m1,-0.13381848
aten_0.1.m1.27199.m1,-0.13381848
aten_0.1.m1.27206.m1,-0.13381848
aten_0.1.m1.3475.m1,0.855137432
aten_0.1.m1.3481.m1,0.855137432
aten_0.1.m1.1362.m1,0
aten_0.1.m1.7244.m1,0
aten_0.1.m1.7249.m1,0
aten_0.1.m1.16196.m1,0
aten_0.1.m1.36110.m1,0.310436447
aten_0.1.m1.36111.m1,0.310436447
aten_0.1.m1.3332.m1,0
aten_0.1.m1.13443.m1,0.314179699
aten_0.1.m1.13439.m1,0.314179699
aten_0.1.m1.18946.m1,0
aten_0.1.m1.27989.m1,0
aten_0.1.m1.27990.m1,0
aten_0.1.m1.12611.m1,-0.005848016
aten_0.1.m1.12604.m1,-0.005848016
aten_0.1.m1.31989.m1,0
aten_0.1.m1.21144.m1,0.051447212
aten_0.1.m1.21149.m1,0.051447212
aten_0.1.m1.7909.m1,0.24260453
aten_0.1.m1.7908.m1,0.24260453
aten_0.1.m1.32765.m1,0
aten_0.1.m1.15800.m1,5.55E-17
aten_0.1.m1.34715.m1,0
aten_0.1.m1.36629.m1,0
aten_0.1.m1.4195.m1,0
aten_0.1.m1.5242.m1,5.55E-17
aten_0.1.m1.5238.m1,5.55E-17
aten_0.1.m1.33031.m1,0.615094269
aten_0.1.m1.33026.m1,0.615094269
aten_0.1.m1.20866.m1,0.079713588
aten_0.1.m1.20867.m1,0.079713588
aten_0.1.m1.18546.m1,-0.001765398
aten_0.1.m1.37337.m1,0
aten_0.1.m1.37340.m1,0
aten_0.1.m1.9203.m1,0
aten_0.1.m1.16749.m1,0
aten_0.1.m1.28038.m1,0
aten_0.1.m1.28036.m1,0
aten_0.1.m1.36338.m1,0.100615815
aten_0.1.m1.36337.m1,0.100615815
aten_0.1.m1.28778.m1,0
aten_0.1.m1.28117.m1,0
aten_0.1.m1.28119.m1,0
aten_0.1.m1.9897.m1,0
aten_0.1.m1.9894.m1,0
aten_0.1.m1.9895.m1,0
aten_0.1.m1.23646.m1,0.104860149
aten_0.1.m1.23640.m1,0.104860149
aten_0.1.m1.15401.m1,0.006451696
aten_0.1.m1.15409.m1,0.006451696
aten_0.1.m1.15400.m1,0.006451696
aten_0.1.m1.19647.m1,0
aten_0.1.m1.19641.m1,0
aten_0.1.m1.19646.m1,0
aten_0.1.m1.19643.m1,0
aten_0.1.m1.19475.m1,0.184548527
aten_0.1.m1.19479.m1,0.184548527
aten_0.1.m1.26046.m1,0
aten_0.1.m1.31059.m1,0
aten_0.1.m1.31064.m1,0
aten_0.1.m1.33634.m1,0.066236296
aten_0.1.m1.33640.m1,0.066236296
aten_0.1.m1.33639.m1,0.066236296
aten_0.1.m1.33632.m1,0.066236296
aten_0.1.m1.11042.m1,0
aten_0.1.m1.13594.m1,0.020410997
aten_0.1.m1.13590.m1,0.020410997
aten_0.1.m1.5639.m1,-0.012739526
aten_0.1.m1.31484.m1,0
aten_0.1.m1.31489.m1,0
aten_0.1.m1.9647.m1,0.384185574
aten_0.1.m1.9660.m1,0.384185574
aten_0.1.m1.9666.m1,0.384185574
aten_0.1.m1.598.m1,0
aten_0.1.m1.9278.m1,-0.036018298
aten_0.1.m1.2540.m1,0
aten_0.1.m1.16895.m1,0
aten_0.1.m1.19696.m1,0.30199703
aten_0.1.m1.19698.m1,0.30199703
aten_0.1.m1.2096.m1,0
aten_0.1.m1.26333.m1,0
aten_0.1.m1.28558.m1,0
aten_0.1.m1.28565.m1,0
aten_0.1.m1.28571.m1,0
aten_0.1.m1.9393.m1,0.107919415
aten_0.1.m1.10907.m1,0.116597705
aten_0.1.m1.10911.m1,0.116597705
aten_0.1.m1.11579.m1,0
aten_0.1.m1.11578.m1,0
aten_0.1.m1.22867.m1,0
aten_0.1.m1.22874.m1,0
aten_0.1.m1.8505.m1,0
aten_0.1.m1.8514.m1,0
aten_0.1.m1.4312.m1,0
aten_0.1.m1.4314.m1,0
aten_0.1.m1.12274.m1,0
aten_0.1.m1.12277.m1,0
aten_0.1.m1.12273.m1,0
aten_0.1.m1.12275.m1,0
aten_0.1.m1.4301.m1,0.127208544
aten_0.1.m1.21564.m1,0.046103096
aten_0.1.m1.21565.m1,0.046103096
aten_0.1.m1.27597.m1,0.077075257
aten_0.1.m1.27599.m1,0.077075257
aten_0.1.m1.27606.m1,0.077075257
aten_0.1.m1.14924.m1,0.04480393
aten_0.1.m1.14930.m1,0.04480393
aten_0.1.m1.24953.m1,0
aten_0.1.m1.24952.m1,0
aten_0.1.m1.24949.m1,0
aten_0.1.m1.30089.m1,0.030876293
aten_0.1.m1.30096.m1,0.030876293
aten_0.1.m1.407.m1,0.003670757
aten_0.1.m1.402.m1,0.003670757
aten_0.1.m1.31765.m1,0.503804398
aten_0.1.m1.31759.m1,0.503804398
aten_0.1.m1.31769.m1,0.503804398
aten_0.1.m1.31767.m1,0.503804398
aten_0.1.m1.27626.m1,0
aten_0.1.m1.27628.m1,0
aten_0.1.m1.22977.m1,0
aten_0.1.m1.38298.m1,0
aten_0.1.m1.31559.m1,0.320093686
aten_0.1.m1.31560.m1,0.320093686
aten_0.1.m1.31555.m1,0.320093686
aten_0.1.m1.28397.m1,-0.160134768
aten_0.1.m1.14728.m1,0
aten_0.1.m1.14739.m1,0
aten_0.1.m1.8167.m1,0
aten_0.1.m1.36042.m1,0
aten_0.1.m1.33180.m1,0
aten_0.1.m1.33186.m1,0
aten_0.1.m1.33183.m1,0
aten_0.1.m1.33508.m1,0.396489003
aten_0.1.m1.33506.m1,0.396489003
aten_0.1.m1.8508.m1,-0.048532904
aten_0.1.m1.8506.m1,-0.048532904
aten_0.1.m1.8502.m1,-0.048532904
aten_0.1.m1.4543.m1,0
aten_0.1.m1.18506.m1,0.996215582
aten_0.1.m1.13546.m1,0
aten_0.1.m1.13550.m1,0
aten_0.1.m1.13540.m1,0
aten_0.1.m1.13542.m1,0
aten_0.1.m1.13543.m1,0
aten_0.1.m1.1788.m1,0
aten_0.1.m1.1787.m1,0
aten_0.1.m1.35402.m1,0
aten_0.1.m1.20453.m1,1.11E-16
aten_0.1.m1.20444.m1,1.11E-16
aten_0.1.m1.20442.m1,1.11E-16
aten_0.1.m1.20449.m1,1.11E-16
aten_0.1.m1.20461.m1,1.11E-16
aten_0.1.m1.4392.m1,-0.000524544
aten_0.1.m1.4409.m1,-0.000524544
aten_0.1.m1.11743.m1,0
aten_0.1.m1.16562.m1,2.083206992
aten_0.1.m1.16564.m1,2.083206992
aten_0.1.m1.17843.m1,-0.001264225
aten_0.1.m1.24908.m1,0
aten_0.1.m1.24917.m1,0
aten_0.1.m1.22486.m1,0
aten_0.1.m1.22484.m1,0
aten_0.1.m1.29584.m1,0.04350567
aten_0.1.m1.16580.m1,0
aten_0.1.m1.16578.m1,0
aten_0.1.m1.4390.m1,0
aten_0.1.m1.4388.m1,0
aten_0.1.m1.3729.m1,0
aten_0.1.m1.3733.m1,0
aten_0.1.m1.3732.m1,0
aten_0.1.m1.3378.m1,0
aten_0.1.m1.3372.m1,0
aten_0.1.m1.3379.m1,0
aten_0.1.m1.16970.m1,0
aten_0.1.m1.4084.m1,0.091160978
aten_0.1.m1.15275.m1,0.202732304
aten_0.1.m1.15276.m1,0.202732304
aten_0.1.m1.11614.m1,0.037870814
aten_0.1.m1.26403.m1,0
aten_0.1.m1.26404.m1,0
aten_0.1.m1.22715.m1,0.206506729
aten_0.1.m1.28993.m1,0
aten_0.1.m1.28987.m1,0
aten_0.1.m1.28992.m1,0
aten_0.1.m1.28988.m1,0
aten_0.1.m1.8855.m1,0
aten_0.1.m1.8854.m1,0
aten_0.1.m1.8859.m1,0
aten_0.1.m1.30409.m1,0
aten_0.1.m1.30407.m1,0
aten_0.1.m1.30397.m1,0
aten_0.1.m1.30399.m1,0
aten_0.1.m1.30412.m1,0
aten_0.1.m1.32636.m1,0
aten_0.1.m1.32637.m1,0
aten_0.1.m1.32641.m1,0
aten_0.1.m1.36636.m1,0
aten_0.1.m1.36634.m1,0
aten_0.1.m1.36640.m1,0
aten_0.1.m1.36080.m1,-0.035700067
aten_0.1.m1.36086.m1,-0.035700067
aten_0.1.m1.16634.m1,0.069758343
aten_0.1.m1.16636.m1,0.069758343
aten_0.1.m1.28394.m1,0
aten_0.1.m1.28396.m1,0
aten_0.1.m1.30854.m1,0
aten_0.1.m1.30851.m1,0
aten_0.1.m1.30847.m1,0
aten_0.1.m1.34959.m1,0
aten_0.1.m1.34956.m1,0
aten_0.1.m1.34955.m1,0
aten_0.1.m1.32948.m1,0
aten_0.1.m1.32951.m1,0
aten_0.1.m1.32960.m1,0
aten_0.1.m1.32962.m1,0
aten_0.1.m1.5506.m1,0
aten_0.1.m1.5511.m1,0
aten_0.1.m1.22500.m1,0
aten_0.1.m1.22508.m1,0
aten_0.1.m1.33355.m1,0
aten_0.1.m1.33437.m1,0
aten_0.1.m1.33433.m1,0
aten_0.1.m1.3140.m1,0
aten_0.1.m1.3954.m1,0
aten_0.1.m1.3955.m1,0
aten_0.1.m1.3960.m1,0
aten_0.1.m1.17584.m1,0
aten_0.1.m1.11785.m1,0.229766123
aten_0.1.m1.11786.m1,0.229766123
aten_0.1.m1.11790.m1,0.229766123
aten_0.1.m1.21070.m1,0.037870814
aten_0.1.m1.21076.m1,0.037870814
aten_0.1.m1.8154.m1,0
aten_0.1.m1.5475.m1,0
aten_0.1.m1.18818.m1,0
aten_0.1.m1.18815.m1,0
aten_0.1.m1.30825.m1,0
aten_0.1.m1.30822.m1,0
aten_0.1.m1.30817.m1,0
aten_0.1.m1.3791.m1,0
aten_0.1.m1.3793.m1,0
aten_0.1.m1.27026.m1,0
aten_0.1.m1.28446.m1,0.295197162
aten_0.1.m1.12801.m1,0.016394939
aten_0.1.m1.12803.m1,0.016394939
aten_0.1.m1.12802.m1,0.016394939
aten_0.1.m1.12799.m1,0.016394939
aten_0.1.m1.5480.m1,0.103642664
aten_0.1.m1.5492.m1,0.103642664
aten_0.1.m1.30349.m1,0.392059194
aten_0.1.m1.30348.m1,0.392059194
aten_0.1.m1.30354.m1,0.392059194
aten_0.1.m1.7828.m1,0
aten_0.1.m1.7186.m1,0
aten_0.1.m1.7200.m1,0
aten_0.1.m1.7198.m1,0
aten_0.1.m1.7195.m1,0
aten_0.1.m1.7197.m1,0
aten_0.1.m1.36808.m1,0
aten_0.1.m1.36804.m1,0
aten_0.1.m1.5028.m1,0.244284963
aten_0.1.m1.5346.m1,0
aten_0.1.m1.5342.m1,0
aten_0.1.m1.4837.m1,0.021020002
aten_0.1.m1.4838.m1,0.021020002
aten_0.1.m1.16937.m1,0
aten_0.1.m1.16936.m1,0
aten_0.1.m1.16934.m1,0
aten_0.1.m1.16935.m1,0
aten_0.1.m1.22897.m1,0
aten_0.1.m1.7139.m1,0
aten_0.1.m1.7140.m1,0
aten_0.1.m1.35721.m1,0
aten_0.1.m1.5100.m1,-0.025819845
aten_0.1.m1.5110.m1,-0.025819845
aten_0.1.m1.1401.m1,-0.005876245
aten_0.1.m1.1399.m1,-0.005876245
aten_0.1.m1.25967.m1,0
aten_0.1.m1.28960.m1,0
aten_0.1.m1.28952.m1,0
aten_0.1.m1.32274.m1,0
aten_0.1.m1.32275.m1,0
aten_0.1.m1.18463.m1,0
aten_0.1.m1.18461.m1,0
aten_0.1.m1.18459.m1,0
aten_0.1.m1.18454.m1,0
aten_0.1.m1.32398.m1,0
aten_0.1.m1.32396.m1,0
aten_0.1.m1.21000.m1,0.40659765
aten_0.1.m1.21011.m1,0.40659765
aten_0.1.m1.31950.m1,0.896342508
aten_0.1.m1.31955.m1,0.896342508
aten_0.1.m1.31960.m1,0.896342508
aten_0.1.m1.15843.m1,0
aten_0.1.m1.14102.m1,0
aten_0.1.m1.14104.m1,0
aten_0.1.m1.4763.m1,0
aten_0.1.m1.16223.m1,0
aten_0.1.m1.16220.m1,0
aten_0.1.m1.13235.m1,0.049067047
aten_0.1.m1.7874.m1,0.048015919
aten_0.1.m1.7877.m1,0.048015919
aten_0.1.m1.16623.m1,0
aten_0.1.m1.12001.m1,0
aten_0.1.m1.12013.m1,0
aten_0.1.m1.12009.m1,0
aten_0.1.m1.29506.m1,0.425786892
aten_0.1.m1.29508.m1,0.425786892
aten_0.1.m1.8847.m1,0
aten_0.1.m1.8857.m1,0
aten_0.1.m1.3686.m1,0
aten_0.1.m1.3689.m1,0
aten_0.1.m1.27655.m1,0.012459129
aten_0.1.m1.27656.m1,0.012459129
aten_0.1.m1.27649.m1,0.012459129
aten_0.1.m1.2588.m1,0
aten_0.1.m1.2584.m1,0
aten_0.1.m1.2589.m1,0
aten_0.1.m1.10686.m1,0
aten_0.1.m1.14064.m1,0
aten_0.1.m1.24683.m1,0
aten_0.1.m1.18886.m1,0
aten_0.1.m1.1439.m1,2.083206992
aten_0.1.m1.1438.m1,2.083206992
aten_0.1.m1.19705.m1,0.008303874
aten_0.1.m1.22713.m1,0
aten_0.1.m1.36638.m1,0
aten_0.1.m1.36639.m1,0
aten_0.1.m1.36681.m1,0.363870772
aten_0.1.m1.36674.m1,0.363870772
aten_0.1.m1.15571.m1,0.070272682
aten_0.1.m1.15569.m1,0.070272682
aten_0.1.m1.34957.m1,0
aten_0.1.m1.34969.m1,0
aten_0.1.m1.5860.m1,-0.07155023
aten_0.1.m1.5859.m1,-0.07155023
aten_0.1.m1.5867.m1,-0.07155023
aten_0.1.m1.19011.m1,0
aten_0.1.m1.4456.m1,0
aten_0.1.m1.4463.m1,0
aten_0.1.m1.4461.m1,0
aten_0.1.m1.24774.m1,0
aten_0.1.m1.24775.m1,0
aten_0.1.m1.12617.m1,0
aten_0.1.m1.12615.m1,0
aten_0.1.m1.12620.m1,0
aten_0.1.m1.1973.m1,0
aten_0.1.m1.1977.m1,0
aten_0.1.m1.18916.m1,0
aten_0.1.m1.18919.m1,0
aten_0.1.m1.3622.m1,2.083206992
aten_0.1.m1.3628.m1,2.083206992
aten_0.1.m1.3623.m1,2.083206992
aten_0.1.m1.3630.m1,2.083206992
aten_0.1.m1.37665.m1,0.440178986
aten_0.1.m1.33316.m1,0.663027018
aten_0.1.m1.10213.m1,0.246032782
aten_0.1.m1.10210.m1,0.246032782
aten_0.1.m1.10225.m1,0.246032782
aten_0.1.m1.29350.m1,0
aten_0.1.m1.5534.m1,0.0153043
aten_0.1.m1.5536.m1,0.0153043
aten_0.1.m1.5533.m1,0.0153043
aten_0.1.m1.8685.m1,0.008530558
aten_0.1.m1.1458.m1,0.01785929
aten_0.1.m1.1464.m1,0.01785929
aten_0.1.m1.1467.m1,0.01785929
aten_0.1.m1.32551.m1,0
aten_0.1.m1.32555.m1,0
aten_0.1.m1.9421.m1,0.030605982
aten_0.1.m1.9424.m1,0.030605982
aten_0.1.m1.9419.m1,0.030605982
aten_0.1.m1.21342.m1,0.053048727
aten_0.1.m1.36541.m1,0
aten_0.1.m1.7748.m1,0
aten_0.1.m1.7758.m1,0
aten_0.1.m1.9036.m1,0
aten_0.1.m1.9038.m1,0
aten_0.1.m1.30265.m1,-0.017492241
aten_0.1.m1.30266.m1,-0.017492241
aten_0.1.m1.12714.m1,0.006700699
aten_0.1.m1.12725.m1,0.006700699
aten_0.1.m1.36918.m1,0
aten_0.1.m1.7997.m1,0.097396749
aten_0.1.m1.7994.m1,0.097396749
aten_0.1.m1.7999.m1,0.097396749
aten_0.1.m1.3884.m1,0
aten_0.1.m1.19865.m1,0
aten_0.1.m1.37692.m1,0.016836616
aten_0.1.m1.37683.m1,0.016836616
aten_0.1.m1.37690.m1,0.016836616
aten_0.1.m1.31327.m1,0
aten_0.1.m1.31323.m1,0
aten_0.1.m1.1016.m1,0
aten_0.1.m1.13368.m1,0
aten_0.1.m1.13372.m1,0
aten_0.1.m1.29670.m1,0
aten_0.1.m1.29674.m1,0
aten_0.1.m1.7701.m1,0.083954361
aten_0.1.m1.28460.m1,0
aten_0.1.m1.26542.m1,0.320642426
aten_0.1.m1.26537.m1,0.320642426
aten_0.1.m1.11739.m1,0
aten_0.1.m1.11744.m1,0
aten_0.1.m1.11735.m1,0
aten_0.1.m1.32264.m1,0
aten_0.1.m1.32261.m1,0
aten_0.1.m1.35315.m1,0.143841036
aten_0.1.m1.35330.m1,0.143841036
aten_0.1.m1.35325.m1,0.143841036
aten_0.1.m1.8452.m1,0
aten_0.1.m1.15672.m1,0.020410997
aten_0.1.m1.15673.m1,0.020410997
aten_0.1.m1.29654.m1,0
aten_0.1.m1.29673.m1,0
aten_0.1.m1.33097.m1,0
aten_0.1.m1.33110.m1,0
aten_0.1.m1.33095.m1,0
aten_0.1.m1.13929.m1,0
aten_0.1.m1.12649.m1,-0.010309662
aten_0.1.m1.12651.m1,-0.010309662
aten_0.1.m1.25206.m1,0
aten_0.1.m1.25204.m1,0
aten_0.1.m1.7756.m1,0.255412812
aten_0.1.m1.7763.m1,0.255412812
aten_0.1.m1.31543.m1,0.374523991
aten_0.1.m1.14748.m1,0
aten_0.1.m1.14758.m1,0
aten_0.1.m1.14760.m1,0
aten_0.1.m1.14759.m1,0
aten_0.1.m1.24709.m1,0
aten_0.1.m1.24712.m1,0
aten_0.1.m1.6464.m1,0
aten_0.1.m1.13782.m1,0.035373376
aten_0.1.m1.37543.m1,0
aten_0.1.m1.24134.m1,0.538961743
aten_0.1.m1.36153.m1,0.333581756
aten_0.1.m1.36157.m1,0.333581756
aten_0.1.m1.21996.m1,0
aten_0.1.m1.20666.m1,0.07155023
aten_0.1.m1.20668.m1,0.07155023
aten_0.1.m1.24751.m1,0.167820871
aten_0.1.m1.24749.m1,0.167820871
aten_0.1.m1.24753.m1,0.167820871
aten_0.1.m1.24759.m1,0.167820871
aten_0.1.m1.24298.m1,0
aten_0.1.m1.24720.m1,-0.023674168
aten_0.1.m1.24724.m1,-0.023674168
aten_0.1.m1.26097.m1,0
aten_0.1.m1.26093.m1,0
aten_0.1.m1.10651.m1,0.077075611
aten_0.1.m1.10655.m1,0.077075611
aten_0.1.m1.24180.m1,0
aten_0.1.m1.27594.m1,0
aten_0.1.m1.30060.m1,0.002886451
aten_0.1.m1.14432.m1,2.083206992
aten_0.1.m1.14438.m1,2.083206992
aten_0.1.m1.29957.m1,0.307696831
aten_0.1.m1.17705.m1,0.00609019
aten_0.1.m1.17708.m1,0.00609019
aten_0.1.m1.5793.m1,0
aten_0.1.m1.5799.m1,0
aten_0.1.m1.5791.m1,0
aten_0.1.m1.6957.m1,0
aten_0.1.m1.6960.m1,0
aten_0.1.m1.11103.m1,0.170216217
aten_0.1.m1.11102.m1,0.170216217
aten_0.1.m1.24625.m1,0
aten_0.1.m1.24624.m1,0
aten_0.1.m1.18756.m1,0.030771677
aten_0.1.m1.18761.m1,0.030771677
aten_0.1.m1.1125.m1,0
aten_0.1.m1.1127.m1,0
aten_0.1.m1.24423.m1,0
aten_0.1.m1.24431.m1,0
aten_0.1.m1.17752.m1,0.02594734
aten_0.1.m1.17765.m1,0.02594734
aten_0.1.m1.24038.m1,-0.061777074
aten_0.1.m1.24040.m1,-0.061777074
aten_0.1.m1.6374.m1,0
aten_0.1.m1.6373.m1,0
aten_0.1.m1.7726.m1,0.040021546
aten_0.1.m1.7729.m1,0.040021546
aten_0.1.m1.7720.m1,0.040021546
aten_0.1.m1.7721.m1,0.040021546
aten_0.1.m1.12696.m1,0
aten_0.1.m1.12698.m1,0
aten_0.1.m1.35681.m1,0
aten_0.1.m1.35687.m1,0
aten_0.1.m1.23021.m1,0
aten_0.1.m1.23022.m1,0
aten_0.1.m1.14160.m1,0
aten_0.1.m1.29917.m1,0
aten_0.1.m1.29914.m1,0
aten_0.1.m1.29916.m1,0
aten_0.1.m1.36056.m1,0.13734713
aten_0.1.m1.36060.m1,0.13734713
aten_0.1.m1.21535.m1,0
aten_0.1.m1.21536.m1,0
aten_0.1.m1.21533.m1,0
aten_0.1.m1.26338.m1,0.223716009
aten_0.1.m1.26339.m1,0.223716009
aten_0.1.m1.26343.m1,0.223716009
aten_0.1.m1.17451.m1,0
aten_0.1.m1.17450.m1,0
aten_0.1.m1.15805.m1,0.681756304
aten_0.1.m1.24349.m1,0
aten_0.1.m1.30702.m1,0
aten_0.1.m1.30704.m1,0
aten_0.1.m1.627.m1,0
aten_0.1.m1.625.m1,0
aten_0.1.m1.38040.m1,0.440761046
aten_0.1.m1.38038.m1,0.440761046
aten_0.1.m1.38037.m1,0.440761046
aten_0.1.m1.24696.m1,0
aten_0.1.m1.24698.m1,0
aten_0.1.m1.7055.m1,0.052680258
aten_0.1.m1.7057.m1,0.052680258
aten_0.1.m1.18114.m1,0
aten_0.1.m1.13037.m1,0
aten_0.1.m1.13039.m1,0
aten_0.1.m1.13036.m1,0
aten_0.1.m1.20596.m1,0.123223362
aten_0.1.m1.20597.m1,0.123223362
aten_0.1.m1.20594.m1,0.123223362
aten_0.1.m1.20602.m1,0.123223362
aten_0.1.m1.3200.m1,0
aten_0.1.m1.3209.m1,0
aten_0.1.m1.3205.m1,0
aten_0.1.m1.3776.m1,0
aten_0.1.m1.13937.m1,0
aten_0.1.m1.15328.m1,0.081179471
aten_0.1.m1.15333.m1,0.081179471
aten_0.1.m1.15331.m1,0.081179471
aten_0.1.m1.19373.m1,0.755728152
aten_0.1.m1.1003.m1,0
aten_0.1.m1.4482.m1,0.001278719
aten_0.1.m1.4486.m1,0.001278719
aten_0.1.m1.20707.m1,0
aten_0.1.m1.20716.m1,0
aten_0.1.m1.20708.m1,0
aten_0.1.m1.27460.m1,0
aten_0.1.m1.3715.m1,5.55E-17
aten_0.1.m1.3717.m1,5.55E-17
aten_0.1.m1.22600.m1,0.125576909
aten_0.1.m1.6897.m1,0
aten_0.1.m1.6893.m1,0
aten_0.1.m1.3880.m1,0
aten_0.1.m1.3882.m1,0
aten_0.1.m1.16709.m1,0.027474616
aten_0.1.m1.10186.m1,0
aten_0.1.m1.10185.m1,0
aten_0.1.m1.15148.m1,0
aten_0.1.m1.15153.m1,0
aten_0.1.m1.15156.m1,0
aten_0.1.m1.15151.m1,0
aten_0.1.m1.29076.m1,0.75814021
aten_0.1.m1.29072.m1,0.75814021
aten_0.1.m1.32767.m1,0
aten_0.1.m1.32772.m1,0
aten_0.1.m1.35201.m1,0
aten_0.1.m1.35194.m1,0
aten_0.1.m1.34708.m1,0
aten_0.1.m1.34710.m1,0
aten_0.1.m1.2255.m1,0
aten_0.1.m1.2253.m1,0
aten_0.1.m1.2251.m1,0
aten_0.1.m1.32970.m1,0
aten_0.1.m1.24256.m1,0
aten_0.1.m1.24260.m1,0
aten_0.1.m1.36631.m1,0
aten_0.1.m1.38288.m1,0.129373193
aten_0.1.m1.38290.m1,0.129373193
aten_0.1.m1.38289.m1,0.129373193
aten_0.1.m1.17497.m1,0
aten_0.1.m1.20349.m1,2.083206992
aten_0.1.m1.3328.m1,0.232208353
aten_0.1.m1.3333.m1,0.232208353
aten_0.1.m1.23818.m1,-0.004784726
aten_0.1.m1.23811.m1,-0.004784726
aten_0.1.m1.23814.m1,-0.004784726
aten_0.1.m1.34850.m1,0
aten_0.1.m1.34856.m1,0
aten_0.1.m1.34853.m1,0
aten_0.1.m1.34860.m1,0
aten_0.1.m1.18490.m1,0
aten_0.1.m1.18492.m1,0
aten_0.1.m1.13431.m1,0.490605017
aten_0.1.m1.13432.m1,0.490605017
aten_0.1.m1.4856.m1,0
aten_0.1.m1.4841.m1,0
aten_0.1.m1.4855.m1,0
aten_0.1.m1.10654.m1,-0.050476566
aten_0.1.m1.7119.m1,0.425786892
aten_0.1.m1.8045.m1,0
aten_0.1.m1.5467.m1,-0.729230909
aten_0.1.m1.5479.m1,-0.729230909
aten_0.1.m1.2582.m1,0.786289649
aten_0.1.m1.32303.m1,0
aten_0.1.m1.37160.m1,0
aten_0.1.m1.16833.m1,0.3857538
aten_0.1.m1.16830.m1,0.3857538
aten_0.1.m1.16828.m1,0.3857538
aten_0.1.m1.28587.m1,0
aten_0.1.m1.28592.m1,0
aten_0.1.m1.20424.m1,0.390079479
aten_0.1.m1.26257.m1,-0.085925285
aten_0.1.m1.24154.m1,0
aten_0.1.m1.29925.m1,0
aten_0.1.m1.38144.m1,0
aten_0.1.m1.18335.m1,0
aten_0.1.m1.18341.m1,0
aten_0.1.m1.28807.m1,0
aten_0.1.m1.28806.m1,0
aten_0.1.m1.16268.m1,0
aten_0.1.m1.8486.m1,0
aten_0.1.m1.34768.m1,0.078817065
aten_0.1.m1.34762.m1,0.078817065
aten_0.1.m1.21246.m1,0.150872919
aten_0.1.m1.21253.m1,0.150872919
aten_0.1.m1.20265.m1,0
aten_0.1.m1.28934.m1,0.053048727
aten_0.1.m1.28936.m1,0.053048727
aten_0.1.m1.4133.m1,0
aten_0.1.m1.12011.m1,0
aten_0.1.m1.12010.m1,0
aten_0.1.m1.1789.m1,0
aten_0.1.m1.29513.m1,0.360583446
aten_0.1.m1.10056.m1,0
aten_0.1.m1.10074.m1,0
aten_0.1.m1.7631.m1,0.307136691
aten_0.1.m1.7635.m1,0.307136691
aten_0.1.m1.18705.m1,1.11E-16
aten_0.1.m1.1704.m1,0
aten_0.1.m1.17963.m1,0
aten_0.1.m1.17962.m1,0
aten_0.1.m1.7697.m1,0
aten_0.1.m1.7698.m1,0
aten_0.1.m1.14533.m1,0
aten_0.1.m1.14532.m1,0
aten_0.1.m1.19330.m1,0.080282765
aten_0.1.m1.19332.m1,0.080282765
aten_0.1.m1.6532.m1,0
aten_0.1.m1.6533.m1,0
aten_0.1.m1.6529.m1,0
aten_0.1.m1.24226.m1,0
aten_0.1.m1.24243.m1,0
aten_0.1.m1.8582.m1,0
aten_0.1.m1.24692.m1,0
aten_0.1.m1.20541.m1,0
aten_0.1.m1.22923.m1,0
aten_0.1.m1.24148.m1,-0.064423192
aten_0.1.m1.14542.m1,0
aten_0.1.m1.14541.m1,0
aten_0.1.m1.14546.m1,0
aten_0.1.m1.14540.m1,0
aten_0.1.m1.3073.m1,0.021943656
aten_0.1.m1.14884.m1,0.066710842
aten_0.1.m1.14883.m1,0.066710842
aten_0.1.m1.26616.m1,0
aten_0.1.m1.26614.m1,0
aten_0.1.m1.2103.m1,0
aten_0.1.m1.26186.m1,0
aten_0.1.m1.26190.m1,0
aten_0.1.m1.10189.m1,0.280563389
aten_0.1.m1.10190.m1,0.280563389
aten_0.1.m1.25261.m1,0
aten_0.1.m1.25256.m1,0
aten_0.1.m1.25254.m1,0
aten_0.1.m1.25267.m1,0
aten_0.1.m1.37861.m1,0
aten_0.1.m1.24495.m1,0
aten_0.1.m1.37719.m1,0
aten_0.1.m1.37715.m1,0
aten_0.1.m1.32232.m1,-0.068335004
aten_0.1.m1.22683.m1,0.051139232
aten_0.1.m1.22686.m1,0.051139232
aten_0.1.m1.31662.m1,0
aten_0.1.m1.31668.m1,0
aten_0.1.m1.16630.m1,0
aten_0.1.m1.26630.m1,0
aten_0.1.m1.29802.m1,0.01529025
aten_0.1.m1.29807.m1,0.01529025
aten_0.1.m1.30886.m1,2.083206992
aten_0.1.m1.27571.m1,0.242508982
aten_0.1.m1.37482.m1,0
aten_0.1.m1.14722.m1,-0.148865466
aten_0.1.m1.2434.m1,-0.010309662
aten_0.1.m1.2436.m1,-0.010309662
aten_0.1.m1.30957.m1,0.315691408
aten_0.1.m1.30965.m1,0.315691408
aten_0.1.m1.20043.m1,0
aten_0.1.m1.20041.m1,0
aten_0.1.m1.15769.m1,0
aten_0.1.m1.15768.m1,0
aten_0.1.m1.15781.m1,0
aten_0.1.m1.35526.m1,0
aten_0.1.m1.35524.m1,0
aten_0.1.m1.36920.m1,0.092845918
aten_0.1.m1.32652.m1,0
aten_0.1.m1.32649.m1,0
aten_0.1.m1.24145.m1,0.508584128
aten_0.1.m1.24142.m1,0.508584128
aten_0.1.m1.27101.m1,0
aten_0.1.m1.27105.m1,0
aten_0.1.m1.27099.m1,0
aten_0.1.m1.33051.m1,0
aten_0.1.m1.14659.m1,0
aten_0.1.m1.14658.m1,0
aten_0.1.m1.14660.m1,0
aten_0.1.m1.32792.m1,-0.044107123
aten_0.1.m1.32795.m1,-0.044107123
aten_0.1.m1.32794.m1,-0.044107123
aten_0.1.m1.31006.m1,2.083206992
aten_0.1.m1.31005.m1,2.083206992
aten_0.1.m1.2014.m1,0
aten_0.1.m1.8157.m1,0
aten_0.1.m1.8152.m1,0
aten_0.1.m1.8151.m1,0
aten_0.1.m1.885.m1,0.007883173
aten_0.1.m1.890.m1,0.007883173
aten_0.1.m1.3737.m1,-0.024635445
aten_0.1.m1.27545.m1,0
aten_0.1.m1.20711.m1,0
aten_0.1.m1.20721.m1,0
aten_0.1.m1.964.m1,-0.037870814
aten_0.1.m1.966.m1,-0.037870814
aten_0.1.m1.7936.m1,0.04138262
aten_0.1.m1.36.m1,0.468753379
aten_0.1.m1.35.m1,0.468753379
aten_0.1.m1.37.m1,0.468753379
aten_0.1.m1.5024.m1,0
aten_0.1.m1.2158.m1,0
aten_0.1.m1.2169.m1,0
aten_0.1.m1.2171.m1,0
aten_0.1.m1.9860.m1,5.55E-17
aten_0.1.m1.9862.m1,5.55E-17
aten_0.1.m1.24553.m1,-0.265314376
aten_0.1.m1.36316.m1,0
aten_0.1.m1.17047.m1,0
aten_0.1.m1.17057.m1,0
aten_0.1.m1.37636.m1,-0.196744307
aten_0.1.m1.37634.m1,-0.196744307
aten_0.1.m1.23728.m1,0
aten_0.1.m1.37917.m1,0
aten_0.1.m1.37916.m1,0
aten_0.1.m1.24688.m1,0
aten_0.1.m1.24689.m1,0
aten_0.1.m1.13252.m1,0
aten_0.1.m1.23776.m1,-0.020410997
aten_0.1.m1.23779.m1,-0.020410997
aten_0.1.m1.29438.m1,0
aten_0.1.m1.29433.m1,0
aten_0.1.m1.32384.m1,0
aten_0.1.m1.32383.m1,0
aten_0.1.m1.22403.m1,0
aten_0.1.m1.22410.m1,0
aten_0.1.m1.1675.m1,-0.024827103
aten_0.1.m1.1674.m1,-0.024827103
aten_0.1.m1.3339.m1,0
aten_0.1.m1.3350.m1,0
aten_0.1.m1.3440.m1,0
aten_0.1.m1.3442.m1,0
aten_0.1.m1.3446.m1,0
aten_0.1.m1.3441.m1,0
aten_0.1.m1.7112.m1,0
aten_0.1.m1.7111.m1,0
aten_0.1.m1.27225.m1,0
aten_0.1.m1.27223.m1,0
aten_0.1.m1.27224.m1,0
aten_0.1.m1.21269.m1,0
aten_0.1.m1.21277.m1,0
aten_0.1.m1.21268.m1,0
aten_0.1.m1.27051.m1,0.44365124
aten_0.1.m1.27055.m1,0.44365124
aten_0.1.m1.3042.m1,0
aten_0.1.m1.3043.m1,0
aten_0.1.m1.33649.m1,0.229766123
aten_0.1.m1.33651.m1,0.229766123
aten_0.1.m1.28899.m1,0
aten_0.1.m1.28898.m1,0
aten_0.1.m1.28894.m1,0
aten_0.1.m1.3932.m1,0
aten_0.1.m1.4682.m1,0
aten_0.1.m1.4675.m1,0
aten_0.1.m1.8194.m1,0.039043748
aten_0.1.m1.8200.m1,0.039043748
aten_0.1.m1.37666.m1,-0.053011359
aten_0.1.m1.37662.m1,-0.053011359
aten_0.1.m1.34120.m1,0
aten_0.1.m1.16276.m1,0
aten_0.1.m1.18508.m1,0
aten_0.1.m1.18509.m1,0
aten_0.1.m1.27159.m1,0
aten_0.1.m1.27172.m1,0
aten_0.1.m1.5645.m1,0
aten_0.1.m1.26457.m1,0
aten_0.1.m1.14695.m1,0
aten_0.1.m1.14694.m1,0
aten_0.1.m1.10260.m1,0
aten_0.1.m1.10268.m1,0
aten_0.1.m1.36018.m1,0
aten_0.1.m1.31274.m1,0
aten_0.1.m1.31277.m1,0
aten_0.1.m1.31276.m1,0
aten_0.1.m1.20103.m1,0
aten_0.1.m1.20092.m1,0
aten_0.1.m1.20101.m1,0
aten_0.1.m1.20099.m1,0
aten_0.1.m1.35850.m1,0
aten_0.1.m1.31687.m1,0
aten_0.1.m1.37718.m1,0
aten_0.1.m1.37723.m1,0
aten_0.1.m1.62.m1,0
aten_0.1.m1.58.m1,0
aten_0.1.m1.55.m1,0
aten_0.1.m1.6932.m1,5.55E-17
aten_0.1.m1.18869.m1,0
aten_0.1.m1.18875.m1,0
aten_0.1.m1.18877.m1,0
aten_0.1.m1.18878.m1,0
aten_0.1.m1.13408.m1,0
aten_0.1.m1.13406.m1,0
aten_0.1.m1.36227.m1,0
aten_0.1.m1.36225.m1,0
aten_0.1.m1.28953.m1,0.461171372
aten_0.1.m1.28958.m1,0.461171372
aten_0.1.m1.26412.m1,0
aten_0.1.m1.26413.m1,0
aten_0.1.m1.8946.m1,-0.000978447
aten_0.1.m1.8942.m1,-0.000978447
aten_0.1.m1.8941.m1,-0.000978447
aten_0.1.m1.28136.m1,0
aten_0.1.m1.28148.m1,0
aten_0.1.m1.14449.m1,0
aten_0.1.m1.34717.m1,0.01084277
aten_0.1.m1.16799.m1,0
aten_0.1.m1.22723.m1,0.027631318
aten_0.1.m1.22734.m1,0.027631318
aten_0.1.m1.20828.m1,0
aten_0.1.m1.29522.m1,0.173083904
aten_0.1.m1.29523.m1,0.173083904
aten_0.1.m1.1301.m1,0
aten_0.1.m1.1305.m1,0
aten_0.1.m1.15087.m1,0.089840922
aten_0.1.m1.15093.m1,0.089840922
aten_0.1.m1.13460.m1,1.11E-16
aten_0.1.m1.11169.m1,0
aten_0.1.m1.11166.m1,0
aten_0.1.m1.15280.m1,-0.021247911
aten_0.1.m1.15279.m1,-0.021247911
aten_0.1.m1.13309.m1,0
aten_0.1.m1.27866.m1,0
aten_0.1.m1.27868.m1,0
aten_0.1.m1.22876.m1,0.123983958
aten_0.1.m1.22879.m1,0.123983958
aten_0.1.m1.22863.m1,0
aten_0.1.m1.3858.m1,0.007194361
aten_0.1.m1.27378.m1,-5.55E-17
aten_0.1.m1.27380.m1,-5.55E-17
aten_0.1.m1.27377.m1,-5.55E-17
aten_0.1.m1.24872.m1,0
aten_0.1.m1.7054.m1,-0.014907128
aten_0.1.m1.13151.m1,0.018357615
aten_0.1.m1.13154.m1,0.018357615
aten_0.1.m1.19936.m1,0.042475052
aten_0.1.m1.16215.m1,0
aten_0.1.m1.21309.m1,0
aten_0.1.m1.32923.m1,-0.020410997
aten_0.1.m1.17288.m1,0
aten_0.1.m1.17289.m1,0
aten_0.1.m1.8050.m1,0
aten_0.1.m1.35482.m1,0
aten_0.1.m1.9380.m1,0
aten_0.1.m1.9377.m1,0
aten_0.1.m1.14107.m1,0
aten_0.1.m1.14097.m1,0
aten_0.1.m1.13483.m1,0
aten_0.1.m1.37463.m1,0.091961227
aten_0.1.m1.35404.m1,-0.115636566
aten_0.1.m1.29361.m1,0.126879538
aten_0.1.m1.29356.m1,0.126879538
aten_0.1.m1.30321.m1,-0.288657483
aten_0.1.m1.30332.m1,-0.288657483
aten_0.1.m1.24934.m1,0
aten_0.1.m1.24935.m1,0
aten_0.1.m1.14962.m1,0
aten_0.1.m1.14966.m1,0
aten_0.1.m1.14959.m1,0
aten_0.1.m1.14967.m1,0
aten_0.1.m1.14961.m1,0
aten_0.1.m1.32190.m1,0
aten_0.1.m1.23468.m1,0
aten_0.1.m1.22547.m1,0
aten_0.1.m1.22545.m1,0
aten_0.1.m1.30624.m1,-0.172420493
aten_0.1.m1.30629.m1,-0.172420493