SNP,r,p
26743523-7-T/C,-0.58963542,0.000762437
11470711-40-A/G,-0.582139551,0.000923218
15471299-8-G/C,-0.617358666,0.000360186
11470588-23-C/T,-0.57924183,0.000992878
11461678-8-A/G,-0.548554675,0.00206206
15474872-53-C/T,-0.548554675,0.00206206
11460604-39-C/T,-0.557766732,0.001668001
15469557-10-A/G,-0.548554675,0.00206206
15469320-34-A/C,-0.532717407,0.002928732
17478545-29-G/A,-0.592224184,0.000712908
17478488-27-G/T,-0.546801239,0.002145546
15457388-48-C/G,-0.566670912,0.001350908
15479064-48-C/T,-0.622350213,0.000312333
15472352-60-A/T,-0.548554675,0.00206206
15470094-11-C/A,-0.548554675,0.00206206
11460827-17-C/A,-0.548992565,0.002041654
11463577-12-A/T,-0.564905687,0.001409233
15476949-60-C/T,-0.570341691,0.001236302
9498501-47-C/T,-0.76044019,1.69E-06
15460185-6-C/T,-0.603277815,0.000531703
15476861-19-C/T,-0.57399602,0.001130706
26745102-51-C/A,-0.669645234,7.10E-05
11480077-22-G/A,-0.592894482,0.000700552
15459695-8-T/C,-0.565712362,0.001382314
15459969-60-A/G,-0.548554675,0.00206206
15457352-32-T/C,-0.54224569,0.002376228
11461291-5-G/C,-0.560539275,0.00156299
15453551-57-C/T,-0.717309417,1.19E-05
15462467-30-A/C,-0.546354814,0.002167262
15472012-7-G/A,-0.548554675,0.00206206
68349508-11-T/C,-0.542780276,0.002348095
15476728-8-G/C,-0.567267976,0.001331661
11463708-21-C/T,-0.548554675,0.00206206
15457068-40-A/T,-0.548554675,0.00206206
26739090-32-C/A,-0.548554675,0.00206206
26738349-68-T/G,-0.652515514,0.000124988
15468891-21-C/A,-0.548554675,0.00206206
26732353-16-A/C,-0.532556037,0.002938967
11467825-53-T/G,-0.587225095,0.000811231
11473143-42-G/A,-0.620576168,0.000328656
11443613-26-T/G,-0.548554675,0.00206206
15457681-43-A/G,-0.527244609,0.003293469
15472232-43-C/T,-0.568039901,0.001307131
15478996-42-G/A,-0.559273875,0.001610184
50828880-12-G/T,-0.610466856,0.000436824
11471890-18-C/A,-0.649937385,0.000135687
15466175-11-G/A,-0.605044926,0.000506845
11466799-26-T/G,-0.742308476,4.03E-06
15453501-16-C/G,-0.621891571,0.000316483
15472942-36-A/G,-0.646878264,0.000149431
15477872-27-A/C,-0.629375014,0.0002545
15464392-14-C/G,-0.548554675,0.00206206
15460218-42-A/T,-0.636917049,0.000203132
11494737-17-G/T,-0.634230827,0.000220265
9483938-41-C/T,-0.540548454,0.002467482
11470559-68-C/A,-0.612011741,0.000418499
11476451-53-C/T,-0.564718792,0.001415534
26737058-65-C/G,-0.5737753,0.001136853
26743878-66-C/A,-0.548554675,0.00206206
15478941-13-C/T,-0.559440511,0.001603899
15464701-22-G/A,-0.56019239,0.001575806
11467045-31-C/T,-0.531083929,0.003033767
15473452-8-C/G,-0.531083929,0.003033767
15475982-32-A/G,-0.548554675,0.00206206
15473562-10-G/T,-0.539627352,0.002518259
9485195-32-G/A,-0.620843419,0.00032615
11477802-42-G/A,-0.606218002,0.000490912
9429919-10-C/A,-0.539647779,0.002517124
15454850-62-G/T,-0.53097969,0.003040579
11470276-40-C/T,-0.548554675,0.00206206
11470593-51-C/A,-0.608467725,0.000461583
11474978-46-G/C,-0.548554675,0.00206206
50826019-43-C/A,-0.664843706,8.35E-05
11495526-40-G/A,-0.548554675,0.00206206
15464738-46-T/G,-0.548191918,0.002079097
15461523-14-C/A,-0.574781394,0.001109066
15474029-31-G/T,-0.546486853,0.002160819
15478876-18-T/C,-0.55380205,0.001828768
15474925-40-C/T,-0.548554675,0.00206206
11466843-58-G/T,-0.646881628,0.000149416
15466253-58-T/C,-0.537530667,0.002637212
26723097-63-C/A,-0.656421839,0.0001102
15482419-29-G/A,-0.591419946,0.000727984
15477031-19-G/T,-0.560686274,0.001557586
26730126-57-A/T,-0.548554675,0.00206206
11470441-68-G/C,-0.540121246,0.002490922
39068390-24-G/T,-0.531924147,0.002979343
11501439-30-C/T,-0.564004431,0.001439846
17480649-31-T/G,-0.548554675,0.00206206
50827961-54-C/T,-0.548554675,0.00206206
15472067-20-T/C,-0.57636352,0.001066567
15462689-22-T/C,-0.548554675,0.00206206
15459634-61-C/A,-0.571628278,0.001198185
43487524-16-G/C,-0.542820743,0.002345977
11443722-23-C/A,-0.548554675,0.00206206
11477753-21-C/A,-0.5480448,0.002086042
15475296-11-C/T,-0.66654944,7.88E-05
50824276-19-G/T,-0.532619977,0.002934908
15467473-14-T/G,-0.548554675,0.00206206
26732903-5-G/A,-0.548554675,0.00206206
9433602-11-C/A,-0.55364591,0.001835365
11489117-44-C/A,-0.604109613,0.000519872
11460839-68-G/T,-0.554803898,0.001786927
11477670-31-A/T,-0.549443349,0.00202083
11484583-34-C/A,-0.562741821,0.001483703
11490533-61-C/T,-0.660592126,9.61E-05
9819840-54-C/A,-0.577061262,0.00104828
15453901-33-C/A,-0.619478634,0.000339126
15479433-5-T/C,-0.548554675,0.00206206
26735909-5-C/A,-0.548554675,0.00206206
15476111-10-C/T,-0.548554675,0.00206206
11500418-12-C/T,-0.530560267,0.003068118
15466308-48-C/T,-0.531965453,0.002976689
17479105-58-A/G,-0.711533206,1.51E-05
15470760-25-G/A,-0.606789644,0.000483309
15483472-19-C/A,-0.538520247,0.00258048
11482462-52-A/G,-0.609932971,0.000443319
11472298-35-T/C,-0.664571462,8.42E-05
15476610-12-C/A,-0.548554675,0.00206206
15472078-12-G/C,-0.568098729,0.001305277
15449659-25-T/C,-0.61980495,0.000335983
26742132-35-C/T,-0.548554675,0.00206206
11489162-43-G/A,-0.548554675,0.00206206
11470852-14-C/G,-0.548554675,0.00206206
15467088-35-A/G,-0.54926472,0.00202906
15478938-16-A/T,-0.556723811,0.001709056
11463554-14-T/C,-0.548554675,0.00206206
15479805-6-G/A,-0.587907847,0.00079714
17482461-15-G/A,-0.61848277,0.00034888
11460887-21-T/A,-0.632907604,0.000229164
11491768-51-G/T,-0.548554675,0.00206206
11443009-48-C/G,-0.538508714,0.002581135
11470554-21-C/T,-0.601918919,0.00055154
15471064-21-T/C,-0.533301929,0.002891914
11492286-59-A/T,-0.56021427,0.001574995
15460350-52-C/G,-0.560568931,0.001561899
50827376-12-C/T,-0.529035572,0.003170042
11490185-49-C/G,-0.565527876,0.00138843
15472440-20-C/T,-0.529317781,0.003150961
15472439-68-C/A,-0.587586367,0.000803748
15471785-55-A/G,-0.540414129,0.002474832
11467711-17-C/T,-0.608636134,0.000459451
15473258-9-A/C,-0.540817106,0.00245284
11467965-53-C/T,-0.593322857,0.000692754
11467007-66-G/A,-0.586000541,0.00083705
15476918-24-C/A,-0.585744792,0.000842532
11488190-28-G/T,-0.548554675,0.00206206
15467369-54-G/A,-0.555757599,0.001747869
11471878-58-A/T,-0.613751596,0.000398674
15473453-9-G/T,-0.548554675,0.00206206
26739795-60-T/A,-0.610760563,0.000433287
11474373-25-G/A,-0.546688706,0.002151002
11470346-7-G/A,-0.53144274,0.003010422
15462690-37-C/T,-0.56174439,0.001519165
11493473-33-C/T,-0.548554675,0.00206206
15472633-62-A/T,-0.576213425,0.001070537
17483183-14-A/T,-0.705812006,1.89E-05
17479518-53-G/T,-0.642305287,0.00017228
11484571-32-G/A,-0.533157326,0.002900985
43565532-13-G/A,-0.530069623,0.003100605
15454207-51-A/T,-0.632808194,0.000229846
11442895-30-C/T,-0.581020305,0.000949601
11496557-6-G/A,-0.548554675,0.00206206
26739125-35-C/A,-0.610860229,0.000432093
11470857-63-G/A,-0.561517598,0.00152733
15481852-32-G/A,-0.544293611,0.002270008
15471473-32-C/T,-0.535992492,0.002727526
11469770-6-C/T,-0.548554675,0.00206206
11469755-8-T/A,-0.548554675,0.00206206
15476251-6-T/A,-0.566254038,0.001364489
26744887-48-T/C,-0.53276033,0.002926015
11485994-35-A/T,-0.531345664,0.003016723
11465553-24-C/G,-0.564767375,0.001413894
50828873-14-C/A,-0.562334183,0.001498108
53148636-38-G/A,-0.582697035,0.000910317
15477231-13-G/A,-0.563688218,0.001450723
26741380-61-C/G,-0.548554675,0.00206206
15468199-11-T/C,-0.532444666,0.002946049
15473600-34-T/G,-0.548554675,0.00206206
15461471-8-G/C,-0.569745327,0.001254324
26733753-42-T/G,-0.59389334,0.000682488
11443805-67-G/A,-0.534490301,0.002818285
11481363-6-T/A,-0.548554675,0.00206206
26745174-62-A/G,-0.548554675,0.00206206
11464653-65-G/A,-0.555478819,0.001759209
15469304-38-G/T,-0.537152021,0.002659201
11469457-24-T/C,-0.536870555,0.00267565
26744982-8-A/G,-0.534872632,0.002794943
11467674-37-C/T,-0.548554675,0.00206206
15466073-67-T/C,-0.56061304,0.001560276
26736424-54-T/C,-0.553500735,0.001841517
11461901-9-T/C,-0.724050754,9.00E-06
15462894-13-T/A,-0.531570314,0.003002159
26735737-14-C/A,-0.548554675,0.00206206
15478887-37-G/A,-0.557535878,0.001677014
15468572-37-G/A,-0.573127883,0.001155053
15471747-10-C/T,-0.642570096,0.000170877
26733017-27-A/G,-0.557327361,0.001685192
15470388-61-T/C,-0.541719447,0.002404206
11487196-21-A/G,-0.538438131,0.002585147
15479118-28-G/C,-0.548554675,0.00206206
11491467-8-G/A,-0.527836295,0.003252244
11472737-28-T/G,-0.531083929,0.003033767
15477511-7-C/T,-0.529552619,0.003135157
26749007-9-T/A,-0.535045651,0.002784434
15474877-15-C/G,-0.588067858,0.000793869
26732274-21-G/A,-0.596288701,0.00064082
15463544-5-T/A,-0.563265839,0.001465363
11476225-25-C/T,-0.594018111,0.00068026
17479620-64-T/C,-0.543389388,0.002316391
9482638-46-A/C,-0.561172133,0.001539841
11473054-24-T/C,-0.548554675,0.00206206
15457665-27-C/A,-0.548554675,0.00206206
11488969-11-C/G,-0.548554675,0.00206206
15475604-18-A/C,-0.53395188,0.002851442
15474193-24-A/G,-0.679930271,4.97E-05
9494084-18-G/C,-0.578068672,0.001022358
26739624-7-C/G,-0.590024567,0.000754805
11491742-8-T/A,-0.581765668,0.000931959
15473080-6-A/T,-0.560174103,0.001576485
15477224-34-C/T,-0.595341202,0.000657027
26733662-15-G/C,-0.548554675,0.00206206
11499615-11-A/T,-0.669125849,7.23E-05
17481290-66-T/C,-0.536582507,0.002692573
11461725-59-T/C,-0.604918685,0.000508586
11460773-32-G/A,-0.639415782,0.000188265
26740581-60-C/G,-0.569451665,0.001263282
9818882-32-G/C,-0.548554675,0.00206206
15475949-14-C/A,-0.697565144,2.60E-05
26740382-7-G/T,-0.615873838,0.000375613
17478679-27-T/C,-0.547513104,0.002111306
15475200-29-C/T,-0.596987624,0.000629089
15462221-27-T/C,-0.527041721,0.003307707
17481402-32-A/T,-0.655000521,0.00011539
26729660-12-C/G,-0.604468758,0.000514835
15461611-13-T/G,-0.546336914,0.002168136
26733342-43-G/A,-0.564147893,0.001434935
15479624-56-A/T,-0.570819906,0.001222013
15481844-26-T/A,-0.534989925,0.002787815
9494696-11-A/G,-0.536835301,0.002677716
15467090-29-C/T,-0.588591814,0.000783239