,Temp,Species,Family,region,Crosstype,N,mean,sd,se,ci,Mom,Dad
1,AMB,A.ten,DAV13xDAV1,central,Individual,9,97.77777778,6.666666667,2.222222222,5.124453634,Davies13,Davies1
2,AMB,A.ten,DAV1xDAV8,central,Individual,9,100,0,0,0,Davies1,Davies8
3,AMB,A.ten,DAV6xDAV1,central,Individual,8,100,0,0,0,Davies6,Davies1
4,AMB,A.ten,DAV8xDAV10,central,Individual,9,89.41798942,12.92426873,4.308089575,9.934472375,Davies8,Davies10
5,AMB,A.ten,DAV8xDAV6,central,Individual,7,97.61904762,6.299407883,2.380952381,5.825980598,Davies8,Davies6
6,AMB,A.ten,JEW2xDAV8,hybrid,Individual,4,100,0,0,0,Jewell2,Davies8
7,AMB,A.ten,JEW2xJEW8,north,Individual,5,93.33333333,14.90711985,6.666666667,18.50963403,Jewell2,Jewell8
8,AMB,A.ten,JEW2xPAL1,hybrid,Individual,8,88.54166667,18.33198047,6.481333851,15.32591921,Jewell2,Palms1
9,AMB,A.ten,JEW2xPAL4,hybrid,Individual,5,80,44.72135955,20,55.5289021,Jewell2,Palms4
10,AMB,A.ten,JEW3xDAV1,hybrid,Individual,9,96.2962963,11.11111111,3.703703704,8.540756056,Jewell3,Davies1
11,AMB,A.ten,JEW3xPAL1,hybrid,Individual,8,100,0,0,0,Jewell3,Palms1
12,AMB,A.ten,JEW5xPAL4,hybrid,Individual,7,85.71428571,37.7964473,14.28571429,34.95588359,Jewell5,Palms4
13,AMB,A.ten,JEW5xPAL5,hybrid,Individual,4,75,50,25,79.56115763,Jewell5,Palms5
14,AMB,A.ten,JEW6xPAL1,hybrid,Individual,5,100,0,0,0,Jewell6,Palms1
15,AMB,A.ten,JEW6xPAL4,hybrid,Individual,4,95.83333333,8.333333333,4.166666667,13.26019294,Jewell6,Palms4
16,AMB,A.ten,JEW7xDAV1,hybrid,Individual,9,93.33333333,10,3.333333333,7.686680451,Jewell7,Davies1
17,AMB,A.ten,JEW8xDAV1,hybrid,Individual,18,86.2962963,32.35604395,7.626392697,16.09028211,Jewell8,Davies1
18,AMB,A.ten,JEW8xDAV13,hybrid,Individual,9,95.30864198,9.325687639,3.108562546,7.168358086,Jewell8,Davies13
19,AMB,A.ten,JEW8xDAV6,hybrid,Individual,9,92.1957672,12.09829462,4.032764873,9.299572473,Jewell8,Davies6
20,AMB,A.ten,JEW8xJEW2,north,Individual,10,92.73809524,12.52925526,3.9620984,8.962889276,Jewell8,Jewell2
21,AMB,A.ten,JEW8xJEW3,north,Individual,9,98.14814815,5.555555556,1.851851852,4.270378028,Jewell8,Jewell3
22,AMB,A.ten,JEW8xPAL1,hybrid,Individual,9,93.05555556,20.83333333,6.944444444,16.01391761,Jewell8,Palms1
23,AMB,A.ten,JEW8xPAL4,hybrid,Individual,9,98.61111111,4.166666667,1.388888889,3.202783521,Jewell8,Palms4
24,AMB,A.ten,JEW8xPAL5,hybrid,Individual,9,90.37037037,17.11435756,5.704785852,13.15525977,Jewell8,Palms5
25,AMB,A.ten,PAL2xDAV1,central,Individual,8,100,0,0,0,Palms2,Davies1
26,AMB,A.ten,PAL2xPAL5,central,Individual,8,100,0,0,0,Palms2,Palms5
27,AMB,A.ten,PAL4xDAV1,central,Individual,9,91.64462081,18.25300971,6.084336571,14.03050529,Palms4,Davies1
28,AMB,A.ten,PAL4xPAL2,central,Individual,8,100,0,0,0,Palms4,Palms2
29,AMB,A.ten,PAL5xPAL4,central,Individual,9,96.2962963,7.349309197,2.449769732,5.649179133,Palms5,Palms4
30,AMB,A.ten,PAR2xPAR5,north,Individual,9,94.44444444,11.78511302,3.928371007,9.058839786,Parke2,Parke5
31,AMB,A.ten,PAR4xDAV1,hybrid,Individual,9,97.22222222,8.333333333,2.777777778,6.405567042,Parke4,Davies1
32,AMB,A.ten,PAR4xPAR2,north,Individual,9,90.37037037,17.11435756,5.704785852,13.15525977,Parke4,Parke2
33,AMB,A.ten,PAR5xDAV10,hybrid,Individual,9,95.23809524,10.10152545,3.367175149,7.764719816,Parke5,Davies10
34,AMB,A.ten,PAR5xDAV6,hybrid,Individual,8,92.86858974,8.060754064,2.84990693,6.738959042,Parke5,Davies6
35,AMB,A.ten,PAR5xPAR4,north,Individual,8,100,0,0,0,Parke5,Parke4
36,AMB,A.ten,SWI2xDAV1,hybrid,Individual,8,100,0,0,0,Switzer2,Davies1
37,AMB,A.ten,SWI2xDAV6,hybrid,Individual,8,89.16666667,23.62067967,8.351171384,19.74738238,Switzer2,Davies6
38,AMB,A.ten,SWI4xDAV8,hybrid,Individual,10,88.33333333,19.32503015,6.111111111,13.82429377,Switzer4,Davies8
39,AMB,A.ten,SWI4xSWI7,north,Individual,9,91.66666667,17.67766953,5.89255651,13.58825968,Switzer4,Switzer7
40,AMB,A.ten,SWI6xDAV1,hybrid,Individual,8,100,0,0,0,Switzer6,Davies1
41,AMB,A.ten,SWI6xSWI4,north,Individual,9,96.91358025,6.27993517,2.093311723,4.82718549,Switzer6,Switzer4
42,AMB,A.ten,SWI7xDAV10,hybrid,Individual,9,83.88888889,27.81386545,9.271288482,21.37962958,Switzer7,Davies10
43,AMB,A.ten,SWI7xSWI6,north,Individual,9,82.40740741,33.44887383,11.14962461,25.71108046,Switzer7,Switzer6
44,HOT,A.ten,DAV13xDAV1,central,Individual,9,70.79365079,25.28634202,8.428780675,19.43680309,Davies13,Davies1
45,HOT,A.ten,DAV1xDAV8,central,Individual,8,86.87905844,13.56801536,4.797017835,11.34314471,Davies1,Davies8
46,HOT,A.ten,DAV6xDAV1,central,Individual,9,77.40740741,20.32908274,6.776360912,15.62631629,Davies6,Davies1
47,HOT,A.ten,DAV8xDAV10,central,Individual,9,75.46296296,26.86485956,8.954953186,20.65015908,Davies8,Davies10
48,HOT,A.ten,DAV8xDAV6,central,Individual,8,54.88095238,24.71312569,8.737409378,20.66069011,Davies8,Davies6
49,HOT,A.ten,JEW2xDAV8,hybrid,Individual,3,66.66666667,57.73502692,33.33333333,143.4217577,Jewell2,Davies8
50,HOT,A.ten,JEW2xJEW8,north,Individual,8,77.70833333,34.14415635,12.07178225,28.54522906,Jewell2,Jewell8
51,HOT,A.ten,JEW2xPAL1,hybrid,Individual,9,50.74074074,29.6637535,9.887917833,22.80157941,Jewell2,Palms1
52,HOT,A.ten,JEW2xPAL4,hybrid,Individual,6,80.55555556,30.58079765,12.48455836,32.09257896,Jewell2,Palms4
53,HOT,A.ten,JEW3xDAV1,hybrid,Individual,9,70.19400353,36.04369931,12.01456644,27.70563989,Jewell3,Davies1
54,HOT,A.ten,JEW3xPAL1,hybrid,Individual,9,82.5,25.73907535,8.579691784,19.78480473,Jewell3,Palms1
55,HOT,A.ten,JEW5xPAL4,hybrid,Individual,8,72.5,36.54742516,12.92146608,30.55441206,Jewell5,Palms4
56,HOT,A.ten,JEW5xPAL5,hybrid,Individual,6,91.66666667,20.41241452,8.333333333,21.4215153,Jewell5,Palms5
57,HOT,A.ten,JEW6xPAL1,hybrid,Individual,6,75,29.34469477,11.97992147,30.79536853,Jewell6,Palms1
58,HOT,A.ten,JEW6xPAL4,hybrid,Individual,6,74.4047619,38.75726835,15.82258855,40.67325872,Jewell6,Palms4
59,HOT,A.ten,JEW7xDAV1,hybrid,Individual,8,78.42261905,34.2585251,12.11221771,28.64084373,Jewell7,Davies1
60,HOT,A.ten,JEW8xDAV1,hybrid,Individual,15,71.41570303,34.46610501,8.899110048,19.08669277,Jewell8,Davies1
61,HOT,A.ten,JEW8xDAV13,hybrid,Individual,9,97.75533109,4.482669009,1.494223003,3.445684424,Jewell8,Davies13
62,HOT,A.ten,JEW8xDAV6,hybrid,Individual,9,68.51851852,34.20476095,11.40158698,26.29210673,Jewell8,Davies6
63,HOT,A.ten,JEW8xJEW2,north,Individual,9,87.21340388,16.76297028,5.587656759,12.88515959,Jewell8,Jewell2
64,HOT,A.ten,JEW8xJEW3,north,Individual,9,82.93650794,33.20553734,11.06851245,25.52403547,Jewell8,Jewell3
65,HOT,A.ten,JEW8xPAL1,hybrid,Individual,9,74.15343915,10.47491274,3.49163758,8.051730699,Jewell8,Palms1
66,HOT,A.ten,JEW8xPAL4,hybrid,Individual,9,79.32098765,22.93228909,7.644096362,17.62731782,Jewell8,Palms4
67,HOT,A.ten,JEW8xPAL5,hybrid,Individual,9,91.82539683,12.44944425,4.14981475,9.569489974,Jewell8,Palms5
68,HOT,A.ten,PAL2xDAV1,central,Individual,9,70.83333333,41.45780988,13.81926996,31.86729367,Palms2,Davies1
69,HOT,A.ten,PAL2xPAL5,central,Individual,9,93.14814815,10.48955977,3.496519924,8.062989403,Palms2,Palms5
70,HOT,A.ten,PAL4xDAV1,central,Individual,8,58.33333333,26.35231383,9.316949906,22.0310857,Palms4,Davies1
71,HOT,A.ten,PAL4xPAL2,central,Individual,9,71.38888889,31.99392303,10.66464101,24.59270627,Palms4,Palms2
72,HOT,A.ten,PAL5xPAL4,central,Individual,9,63.51851852,39.777545,13.25918167,30.57572775,Palms5,Palms4
73,HOT,A.ten,PAR2xPAR5,north,Individual,9,79.25925926,21.94498263,7.314994209,16.8684069,Parke2,Parke5
74,HOT,A.ten,PAR4xDAV1,hybrid,Individual,9,85.18518519,22.3520513,7.450683768,17.18130758,Parke4,Davies1
75,HOT,A.ten,PAR4xPAR2,north,Individual,9,80.55555556,24.42391815,8.14130605,18.77388542,Parke4,Parke2
76,HOT,A.ten,PAR5xDAV10,hybrid,Individual,8,81.55934343,17.4601328,6.173089151,14.59703631,Parke5,Davies10
77,HOT,A.ten,PAR5xDAV6,hybrid,Individual,9,61.16402116,25.3905002,8.463500068,19.51686616,Parke5,Davies6
78,HOT,A.ten,PAR5xPAR4,north,Individual,9,87.5,21.65063509,7.216878365,16.64215135,Parke5,Parke4
79,HOT,A.ten,SWI2xDAV1,hybrid,Individual,8,89.28571429,21.25782312,7.51577544,17.77198488,Switzer2,Davies1
80,HOT,A.ten,SWI2xDAV6,hybrid,Individual,9,70,27.16973398,9.056577993,20.8845063,Switzer2,Davies6
81,HOT,A.ten,SWI4xDAV8,hybrid,Individual,10,68.46825397,28.38115286,8.974908567,20.3026537,Switzer4,Davies8
82,HOT,A.ten,SWI4xSWI7,north,Individual,10,64.21428571,24.02496445,7.597360835,17.18642423,Switzer4,Switzer7
83,HOT,A.ten,SWI6xDAV1,hybrid,Individual,9,79.73985891,21.87054413,7.290181378,16.8111884,Switzer6,Davies1
84,HOT,A.ten,SWI6xSWI4,north,Individual,9,68.0026455,23.83062887,7.943542958,18.31784291,Switzer6,Switzer4
85,HOT,A.ten,SWI7xDAV10,hybrid,Individual,8,75.89285714,17.87855859,6.321025007,14.94684903,Switzer7,Davies10
86,HOT,A.ten,SWI7xSWI6,north,Individual,9,63.61111111,32.76600542,10.92200181,25.18618133,Switzer7,Switzer6